Time,,cpu_usagePercentCores
2018/12/03 22:52:00,PST,12.495454545454544
2018/12/03 23:36:00,PST,12.076136363636364
2018/12/04 00:20:00,PST,11.784545454545452
2018/12/04 01:04:00,PST,12.164090909090909
2018/12/04 01:48:00,PST,11.306136363636364
2018/12/04 02:32:00,PST,11.665
2018/12/04 03:16:00,PST,12.165000000000003
2018/12/04 04:00:00,PST,12.355681818181814
2018/12/04 04:44:00,PST,12.10931818181818
2018/12/04 05:28:00,PST,11.971590909090908
2018/12/04 06:12:00,PST,17.04590909090909
2018/12/04 06:56:00,PST,12.452272727272726
2018/12/04 07:40:00,PST,13.110909090909093
2018/12/04 08:24:00,PST,12.368863636363635
2018/12/04 09:08:00,PST,13.465681818181816
2018/12/04 09:52:00,PST,13.380227272727275
2018/12/04 10:36:00,PST,11.989333333333336
2018/12/04 11:20:00,PST,11.947045454545458
2018/12/04 12:04:00,PST,12.055227272727274
2018/12/04 12:48:00,PST,12.3175
2018/12/04 13:32:00,PST,12.335227272727273
2018/12/04 14:16:00,PST,11.971363636363632
2018/12/04 15:00:00,PST,11.769545454545458
2018/12/04 15:44:00,PST,12.22318181818182
2018/12/04 16:28:00,PST,11.39136363636364
2018/12/04 17:12:00,PST,11.626363636363637
2018/12/04 17:56:00,PST,12.42227272727273
2018/12/04 18:40:00,PST,11.768863636363635
2018/12/04 19:24:00,PST,11.32818181818182
2018/12/04 20:08:00,PST,12.277500000000002
2018/12/04 20:52:00,PST,11.38681818181818
2018/12/04 21:36:00,PST,11.942272727272725
2018/12/04 22:20:00,PST,11.090909090909092
2018/12/04 23:04:00,PST,10.758636363636366
2018/12/04 23:48:00,PST,11.624772727272726
2018/12/05 00:32:00,PST,11.21090909090909
2018/12/05 01:16:00,PST,11.894545454545455
2018/12/05 02:00:00,PST,12.710000000000003
2018/12/05 02:44:00,PST,12.200909090909091
2018/12/05 03:28:00,PST,11.702727272727271
2018/12/05 04:12:00,PST,11.53840909090909
2018/12/05 04:56:00,PST,11.252045454545451
2018/12/05 05:40:00,PST,11.223636363636366
2018/12/05 06:24:00,PST,12.154090909090911
2018/12/05 07:08:00,PST,11.142272727272728
2018/12/05 07:52:00,PST,12.877045454545453
2018/12/05 08:36:00,PST,12.307954545454544
2018/12/05 09:20:00,PST,12.138863636363634
2018/12/05 10:04:00,PST,11.53909090909091
2018/12/05 10:48:00,PST,12.370227272727275
2018/12/05 11:32:00,PST,12.366363636363637
2018/12/05 12:16:00,PST,11.650681818181818
2018/12/05 13:00:00,PST,11.295454545454545
2018/12/05 13:44:00,PST,11.217272727272729
2018/12/05 14:28:00,PST,11.749772727272727
2018/12/05 15:12:00,PST,12.0375
2018/12/05 15:56:00,PST,10.958409090909088
2018/12/05 16:40:00,PST,11.537045454545455
2018/12/05 17:24:00,PST,10.978636363636367
2018/12/05 18:08:00,PST,11.880909090909087
2018/12/05 18:52:00,PST,11.156363636363636
2018/12/05 19:36:00,PST,10.64
2018/12/05 20:20:00,PST,10.812954545454545
2018/12/05 21:04:00,PST,11.48931818181818
2018/12/05 21:48:00,PST,11.19
2018/12/05 22:32:00,PST,11.338444444444445
2018/12/05 23:16:00,PST,11.581590909090911
2018/12/06 00:00:00,PST,12.447727272727274
2018/12/06 00:44:00,PST,11.764318181818181
2018/12/06 01:28:00,PST,10.99022727272727
2018/12/06 02:12:00,PST,11.998409090909094
2018/12/06 02:56:00,PST,11.08068181818182
2018/12/06 03:40:00,PST,12.301590909090912
2018/12/06 04:24:00,PST,11.74772727272727
2018/12/06 05:08:00,PST,11.280454545454544
2018/12/06 05:52:00,PST,11.720454545454546
2018/12/06 06:36:00,PST,11.786363636363637
2018/12/06 07:20:00,PST,11.932272727272727
2018/12/06 08:04:00,PST,11.725454545454545
2018/12/06 08:48:00,PST,11.684772727272728
2018/12/06 09:32:00,PST,11.485681818181817
2018/12/06 10:16:00,PST,11.526363636363635
2018/12/06 11:00:00,PST,11.328181818181818
2018/12/06 11:44:00,PST,11.708409090909093
2018/12/06 12:28:00,PST,11.052045454545457
2018/12/06 13:12:00,PST,11.457272727272725
2018/12/06 13:56:00,PST,11.693181818181818
2018/12/06 14:40:00,PST,11.280454545454546
2018/12/06 15:24:00,PST,10.940909090909093
2018/12/06 16:08:00,PST,11.134999999999998
2018/12/06 16:52:00,PST,11.100227272727272
2018/12/06 17:36:00,PST,11.04318181818182
2018/12/06 18:20:00,PST,10.722272727272726
2018/12/06 19:04:00,PST,11.009090909090908
2018/12/06 19:48:00,PST,11.050681818181815
2018/12/06 20:32:00,PST,11.475681818181817
2018/12/06 21:16:00,PST,11.913636363636364
2018/12/06 22:00:00,PST,12.115909090909092
2018/12/06 22:44:00,PST,11.876363636363635
2018/12/06 23:28:00,PST,12.032727272727273
2018/12/07 00:12:00,PST,12.126136363636364
2018/12/07 00:56:00,PST,11.31409090909091
2018/12/07 01:40:00,PST,11.43431818181818
2018/12/07 02:24:00,PST,11.908181818181816
2018/12/07 03:08:00,PST,11.338863636363639
2018/12/07 03:52:00,PST,11.899999999999999
2018/12/07 04:36:00,PST,10.10181818181818
2018/12/07 05:20:00,PST,10.66772727272727
2018/12/07 06:04:00,PST,10.7375
2018/12/07 06:48:00,PST,11.60318181818182
2018/12/07 07:32:00,PST,11.449318181818182
2018/12/07 08:16:00,PST,11.009772727272729
2018/12/07 09:00:00,PST,11.97409090909091
2018/12/07 09:44:00,PST,12.022045454545452
2018/12/07 10:28:00,PST,11.154318181818184
2018/12/07 11:12:00,PST,10.795000000000003
2018/12/07 11:56:00,PST,11.347954545454549
2018/12/07 12:40:00,PST,10.834772727272727
2018/12/07 13:24:00,PST,10.783409090909089
2018/12/07 14:08:00,PST,11.71022727272727
2018/12/07 14:52:00,PST,11.590681818181814
2018/12/07 15:36:00,PST,11.481363636363632
2018/12/07 16:20:00,PST,11.09068181818182
2018/12/07 17:04:00,PST,11.289090909090909
2018/12/07 17:48:00,PST,10.664772727272727
2018/12/07 18:32:00,PST,10.7425
2018/12/07 19:16:00,PST,11.363863636363638
2018/12/07 20:00:00,PST,11.384090909090908
2018/12/07 20:44:00,PST,10.995227272727272
2018/12/07 21:28:00,PST,11.969090909090909
2018/12/07 22:12:00,PST,11.287045454545456
2018/12/07 22:56:00,PST,11.428181818181816
2018/12/07 23:40:00,PST,11.1775
2018/12/08 00:24:00,PST,11.382272727272728
2018/12/08 01:08:00,PST,11.523636363636369
2018/12/08 01:52:00,PST,11.600454545454546
2018/12/08 02:36:00,PST,11.499090909090908
2018/12/08 03:20:00,PST,11.613636363636365
2018/12/08 04:04:00,PST,12.31318181818182
2018/12/08 04:48:00,PST,11.277272727272724
2018/12/08 05:32:00,PST,11.462954545454544
2018/12/08 06:16:00,PST,10.683181818181813
2018/12/08 07:00:00,PST,11.314999999999998
2018/12/08 07:44:00,PST,12.145454545454548
2018/12/08 08:28:00,PST,11.147045454545456
2018/12/08 09:12:00,PST,11.822954545454548
2018/12/08 09:56:00,PST,10.866818181818184
2018/12/08 10:40:00,PST,11.617727272727274
2018/12/08 11:24:00,PST,10.833409090909091
2018/12/08 12:08:00,PST,10.35477272727273
2018/12/08 12:52:00,PST,11.109999999999998
2018/12/08 13:36:00,PST,12.038636363636364
2018/12/08 14:20:00,PST,10.804772727272725
2018/12/08 15:04:00,PST,11.318863636363634
2018/12/08 15:48:00,PST,11.469090909090907
2018/12/08 16:32:00,PST,12.019772727272727
2018/12/08 17:16:00,PST,11.409090909090908
2018/12/08 18:00:00,PST,11.915454545454544
2018/12/08 18:44:00,PST,11.621136363636364
2018/12/08 19:28:00,PST,10.727954545454544
2018/12/08 20:12:00,PST,11.183181818181817
2018/12/08 20:56:00,PST,11.38795454545455
2018/12/08 21:40:00,PST,11.152045454545457
2018/12/08 22:24:00,PST,11.543181818181818
2018/12/08 23:08:00,PST,11.138181818181819
2018/12/08 23:52:00,PST,11.208863636363638
2018/12/09 00:36:00,PST,11.241818181818182
2018/12/09 01:20:00,PST,11.188181818181814
2018/12/09 02:04:00,PST,11.021590909090909
2018/12/09 02:48:00,PST,11.488181818181816
2018/12/09 03:32:00,PST,11.740000000000002
2018/12/09 04:16:00,PST,10.594545454545454
2018/12/09 05:00:00,PST,11.087954545454549
2018/12/09 05:44:00,PST,10.646136363636366
2018/12/09 06:28:00,PST,11.267954545454542
2018/12/09 07:12:00,PST,11.979318181818183
2018/12/09 07:56:00,PST,11.855227272727275
2018/12/09 08:40:00,PST,11.196590909090908
2018/12/09 09:24:00,PST,10.913636363636362
2018/12/09 10:08:00,PST,10.517272727272728
2018/12/09 10:52:00,PST,10.44931818181818
2018/12/09 11:36:00,PST,11.175454545454548
2018/12/09 12:20:00,PST,11.398863636363638
2018/12/09 13:04:00,PST,11.298181818181817
2018/12/09 13:48:00,PST,12.218863636363638
2018/12/09 14:32:00,PST,10.148636363636367
2018/12/09 15:16:00,PST,11.237045454545456
2018/12/09 16:00:00,PST,11.777272727272726
2018/12/09 16:44:00,PST,11.717272727272727
2018/12/09 17:28:00,PST,11.510454545454547
2018/12/09 18:12:00,PST,11.017727272727276
2018/12/09 18:56:00,PST,11.834545454545456
2018/12/09 19:40:00,PST,11.746818181818183
2018/12/09 20:24:00,PST,11.346590909090908
2018/12/09 21:08:00,PST,11.569090909090907
2018/12/09 21:52:00,PST,11.334772727272725
2018/12/09 22:36:00,PST,12.413863636363631
2018/12/09 23:20:00,PST,10.705681818181818
2018/12/10 00:04:00,PST,12.143409090909087
2018/12/10 00:48:00,PST,11.782045454545454
2018/12/10 01:32:00,PST,11.20431818181818
2018/12/10 02:16:00,PST,10.972045454545453
2018/12/10 03:00:00,PST,11.388409090909093
2018/12/10 03:44:00,PST,11.47340909090909
2018/12/10 04:28:00,PST,11.544318181818182
2018/12/10 05:12:00,PST,10.668181818181816
2018/12/10 05:56:00,PST,12.655909090909093
2018/12/10 06:40:00,PST,11.615454545454547
2018/12/10 07:24:00,PST,12.462045454545454
2018/12/10 08:08:00,PST,11.953409090909092
2018/12/10 08:52:00,PST,11.734545454545453
2018/12/10 09:36:00,PST,11.513863636363638
2018/12/10 10:20:00,PST,11.565454545454546
2018/12/10 11:04:00,PST,11.862045454545456
2018/12/10 11:48:00,PST,11.97840909090909
2018/12/10 12:32:00,PST,11.75068181818182
2018/12/10 13:16:00,PST,11.12909090909091
2018/12/10 14:00:00,PST,11.122045454545455
2018/12/10 14:44:00,PST,12.203636363636365
2018/12/10 15:28:00,PST,11.277045454545457
2018/12/10 16:12:00,PST,11.182727272727277
2018/12/10 16:56:00,PST,11.297500000000001
2018/12/10 17:40:00,PST,11.472045454545453
2018/12/10 18:24:00,PST,11.082954545454543
2018/12/10 19:08:00,PST,10.831136363636363
2018/12/10 19:52:00,PST,11.868181818181819
2018/12/10 20:36:00,PST,11.417272727272724
2018/12/10 21:20:00,PST,11.487272727272725
2018/12/10 22:04:00,PST,11.061363636363637
2018/12/10 22:48:00,PST,11.30866666666667
2018/12/10 23:32:00,PST,11.570227272727275
2018/12/11 00:16:00,PST,10.972499999999998
2018/12/11 01:00:00,PST,11.867045454545455
2018/12/11 01:44:00,PST,11.554772727272727
2018/12/11 02:28:00,PST,11.76931818181818
2018/12/11 03:12:00,PST,11.282045454545456
2018/12/11 03:56:00,PST,12.116818181818182
2018/12/11 04:40:00,PST,11.70613636363636
2018/12/11 05:24:00,PST,11.879545454545452
2018/12/11 06:08:00,PST,11.784772727272726
2018/12/11 06:52:00,PST,11.618863636363633
2018/12/11 07:36:00,PST,11.687954545454543
2018/12/11 08:20:00,PST,11.362272727272723
2018/12/11 09:04:00,PST,11.038409090909092
2018/12/11 09:48:00,PST,11.896818181818183
2018/12/11 10:32:00,PST,11.289772727272725
2018/12/11 11:16:00,PST,10.684772727272728
2018/12/11 12:00:00,PST,11.31590909090909
2018/12/11 12:44:00,PST,11.780227272727272
2018/12/11 13:28:00,PST,12.001333333333335
2018/12/11 14:12:00,PST,11.322045454545457
2018/12/11 14:56:00,PST,10.852272727272727
2018/12/11 15:40:00,PST,11.977499999999997
2018/12/11 16:24:00,PST,11.72318181818182
2018/12/11 17:08:00,PST,10.78659090909091
2018/12/11 17:52:00,PST,11.402727272727274
2018/12/11 18:36:00,PST,11.866590909090911
2018/12/11 19:20:00,PST,11.388863636363638
2018/12/11 20:04:00,PST,10.594999999999999
2018/12/11 20:48:00,PST,11.869090909090913
2018/12/11 21:32:00,PST,11.500681818181818
2018/12/11 22:16:00,PST,10.993555555555556
2018/12/11 23:00:00,PST,10.56613636363636
2018/12/11 23:44:00,PST,10.889545454545454
2018/12/12 00:28:00,PST,11.199545454545456
2018/12/12 01:12:00,PST,11.250909090909092
2018/12/12 01:56:00,PST,12.062045454545453
2018/12/12 02:40:00,PST,12.151363636363635
2018/12/12 03:24:00,PST,11.929772727272729
2018/12/12 04:08:00,PST,11.846363636363636
2018/12/12 04:52:00,PST,11.938409090909088
2018/12/12 05:36:00,PST,11.702045454545454
2018/12/12 06:20:00,PST,12.218863636363634
2018/12/12 07:04:00,PST,11.761363636363637
2018/12/12 07:48:00,PST,11.661590909090906
2018/12/12 08:32:00,PST,11.329545454545455
2018/12/12 09:16:00,PST,11.561363636363636
2018/12/12 10:00:00,PST,11.651136363636363
2018/12/12 10:44:00,PST,11.369545454545452
2018/12/12 11:28:00,PST,11.037500000000001
2018/12/12 12:12:00,PST,11.420681818181817
2018/12/12 12:56:00,PST,11.489318181818184
2018/12/12 13:40:00,PST,12.05818181818182
2018/12/12 14:24:00,PST,11.15909090909091
2018/12/12 15:08:00,PST,11.505681818181817
2018/12/12 15:52:00,PST,9.791590909090909
2018/12/12 16:36:00,PST,11.71295454545455
2018/12/12 17:20:00,PST,11.159999999999998
2018/12/12 18:04:00,PST,11.77159090909091
2018/12/12 18:48:00,PST,11.768444444444444
2018/12/12 19:32:00,PST,11.574090909090907
2018/12/12 20:16:00,PST,10.874318181818184
2018/12/12 21:00:00,PST,11.650000000000006
2018/12/12 21:44:00,PST,11.146363636363635
2018/12/12 22:28:00,PST,11.748181818181818
2018/12/12 23:12:00,PST,10.945227272727273
2018/12/12 23:56:00,PST,10.744772727272721
2018/12/13 00:40:00,PST,11.095454545454547
2018/12/13 01:24:00,PST,12.555909090909092
2018/12/13 02:08:00,PST,12.433409090909093
2018/12/13 02:52:00,PST,12.437045454545457
2018/12/13 03:36:00,PST,12.70363636363636
2018/12/13 04:20:00,PST,11.54772727272727
2018/12/13 05:04:00,PST,16.56477272727273
2018/12/13 05:48:00,PST,12.301590909090908
2018/12/13 06:32:00,PST,13.815000000000003
2018/12/13 07:16:00,PST,12.410454545454543
2018/12/13 08:00:00,PST,12.421363636363635
2018/12/13 08:44:00,PST,12.168181818181814
2018/12/13 09:28:00,PST,11.947500000000002
2018/12/13 10:12:00,PST,13.007954545454545
2018/12/13 10:56:00,PST,12.125454545454545
2018/12/13 11:40:00,PST,11.508863636363637
2018/12/13 12:24:00,PST,11.326818181818183
2018/12/13 13:08:00,PST,11.991818181818182
2018/12/13 13:52:00,PST,12.268863636363637
2018/12/13 14:36:00,PST,10.892727272727273
2018/12/13 15:20:00,PST,12.225000000000001
2018/12/13 16:04:00,PST,11.999772727272726
2018/12/13 16:48:00,PST,11.943863636363638
2018/12/13 17:32:00,PST,11.995454545454544
2018/12/13 18:16:00,PST,10.754545454545454
2018/12/13 19:00:00,PST,12.075681818181822
2018/12/13 19:44:00,PST,12.0225
2018/12/13 20:28:00,PST,11.589772727272731
2018/12/13 21:12:00,PST,12.642727272727273
2018/12/13 21:56:00,PST,11.22431818181818
2018/12/13 22:40:00,PST,11.960454545454548
2018/12/13 23:24:00,PST,11.928863636363634
2018/12/14 00:08:00,PST,11.856363636363637
2018/12/14 00:52:00,PST,13.134888888888893
2018/12/14 01:36:00,PST,13.011136363636364
2018/12/14 02:20:00,PST,12.359090909090908
2018/12/14 03:04:00,PST,12.52272727272727
2018/12/14 03:48:00,PST,14.042499999999997
2018/12/14 04:32:00,PST,12.350454545454545
2018/12/14 05:16:00,PST,12.709318181818185
2018/12/14 06:00:00,PST,12.31818181818182
2018/12/14 06:44:00,PST,12.237499999999999
2018/12/14 07:28:00,PST,13.052045454545453
2018/12/14 08:12:00,PST,12.749999999999998
2018/12/14 08:56:00,PST,11.622045454545455
2018/12/14 09:40:00,PST,11.243260869565216
2018/12/14 10:24:00,PST,12.397499999999996
2018/12/14 11:08:00,PST,12.563409090909092
2018/12/14 11:52:00,PST,12.14068181818182
2018/12/14 12:36:00,PST,11.724545454545455
2018/12/14 13:20:00,PST,12.274772727272728
2018/12/14 14:04:00,PST,11.842045454545456
2018/12/14 14:48:00,PST,12.463181818181818
2018/12/14 15:32:00,PST,11.534772727272728
2018/12/14 16:16:00,PST,10.959318181818183
2018/12/14 17:00:00,PST,11.53522727272727
2018/12/14 17:44:00,PST,11.439318181818182
2018/12/14 18:28:00,PST,11.321136363636363
2018/12/14 19:12:00,PST,12.181363636363635
2018/12/14 19:56:00,PST,12.276136363636367
2018/12/14 20:40:00,PST,10.965454545454545
2018/12/14 21:24:00,PST,11.25340909090909
2018/12/14 22:08:00,PST,12.23363636363636
2018/12/14 22:52:00,PST,11.140681818181816
2018/12/14 23:36:00,PST,11.359333333333332
2018/12/15 00:20:00,PST,12.074545454545456
2018/12/15 01:04:00,PST,11.799090909090914
2018/12/15 01:48:00,PST,11.348636363636365
2018/12/15 02:32:00,PST,11.527272727272727
2018/12/15 03:16:00,PST,12.453181818181815
2018/12/15 04:00:00,PST,11.478636363636362
2018/12/15 04:44:00,PST,11.627045454545453
2018/12/15 05:28:00,PST,11.962272727272726
2018/12/15 06:12:00,PST,11.423863636363636
2018/12/15 06:56:00,PST,11.59159090909091
2018/12/15 07:40:00,PST,11.533636363636363
2018/12/15 08:24:00,PST,10.927499999999998
2018/12/15 09:08:00,PST,12.77863636363636
2018/12/15 09:52:00,PST,12.007727272727273
2018/12/15 10:36:00,PST,11.782499999999997
2018/12/15 11:20:00,PST,11.482272727272727
2018/12/15 12:04:00,PST,11.336590909090914
2018/12/15 12:48:00,PST,11.956818181818182
2018/12/15 13:32:00,PST,10.993409090909084
2018/12/15 14:16:00,PST,11.052727272727273
2018/12/15 15:00:00,PST,11.171136363636363
2018/12/15 15:44:00,PST,11.580681818181818
2018/12/15 16:28:00,PST,12.697272727272724
2018/12/15 17:12:00,PST,13.012727272727277
2018/12/15 17:56:00,PST,12.686363636363637
2018/12/15 18:40:00,PST,11.384999999999998
2018/12/15 19:24:00,PST,11.577954545454546
2018/12/15 20:08:00,PST,11.642045454545457
2018/12/15 20:52:00,PST,12.182727272727272
2018/12/15 21:36:00,PST,11.97636363636364
2018/12/15 22:20:00,PST,11.113636363636362
2018/12/15 23:04:00,PST,11.52204545454545
2018/12/15 23:48:00,PST,11.912045454545456
2018/12/16 00:32:00,PST,11.178181818181821
2018/12/16 01:16:00,PST,12.407272727272725
2018/12/16 02:00:00,PST,11.700227272727272
2018/12/16 02:44:00,PST,11.381818181818177
2018/12/16 03:28:00,PST,11.994318181818182
2018/12/16 04:12:00,PST,11.096136363636365
2018/12/16 04:56:00,PST,12.058409090909093
2018/12/16 05:40:00,PST,11.10295454545455
2018/12/16 06:24:00,PST,11.025227272727275
2018/12/16 07:08:00,PST,11.595227272727273
2018/12/16 07:52:00,PST,11.388636363636364
2018/12/16 08:36:00,PST,10.485909090909093
2018/12/16 09:20:00,PST,11.427954545454547
2018/12/16 10:04:00,PST,10.91159090909091
2018/12/16 10:48:00,PST,11.012954545454546
2018/12/16 11:32:00,PST,11.02681818181818
2018/12/16 12:16:00,PST,11.188409090909092
2018/12/16 13:00:00,PST,11.164090909090909
2018/12/16 13:44:00,PST,12.050681818181824
2018/12/16 14:28:00,PST,10.973181818181818
2018/12/16 15:12:00,PST,11.373863636363637
2018/12/16 15:56:00,PST,11.656818181818183
2018/12/16 16:40:00,PST,11.809772727272724
2018/12/16 17:24:00,PST,11.170454545454545
2018/12/16 18:08:00,PST,11.552045454545455
2018/12/16 18:52:00,PST,12.94909090909091
2018/12/16 19:36:00,PST,11.564772727272727
2018/12/16 20:20:00,PST,11.121818181818183
2018/12/16 21:04:00,PST,11.120681818181819
2018/12/16 21:48:00,PST,11.707727272727272
2018/12/16 22:32:00,PST,12.076818181818181
2018/12/16 23:16:00,PST,10.978863636363634
2018/12/17 00:00:00,PST,11.811363636363637
2018/12/17 00:44:00,PST,12.077954545454542
2018/12/17 01:28:00,PST,11.22
2018/12/17 02:12:00,PST,11.789090909090909
2018/12/17 02:56:00,PST,12.35931818181818
2018/12/17 03:40:00,PST,11.738181818181816
2018/12/17 04:24:00,PST,11.717727272727274
2018/12/17 05:08:00,PST,13.277272727272726
2018/12/17 05:52:00,PST,12.360681818181819
2018/12/17 06:36:00,PST,12.822045454545458
2018/12/17 07:20:00,PST,11.924545454545456
2018/12/17 08:04:00,PST,12.673181818181819
2018/12/17 08:48:00,PST,12.466818181818182
2018/12/17 09:32:00,PST,11.725454545454545
2018/12/17 10:16:00,PST,11.695454545454545
2018/12/17 11:00:00,PST,11.690888888888887
2018/12/17 11:44:00,PST,11.290227272727277
2018/12/17 12:28:00,PST,11.683333333333334
2018/12/17 13:12:00,PST,10.897954545454546
2018/12/17 13:56:00,PST,11.157555555555557
2018/12/17 14:40:00,PST,12.26568181818182
2018/12/17 15:24:00,PST,12.187727272727273
2018/12/17 16:08:00,PST,11.805454545454545
2018/12/17 16:52:00,PST,12.247954545454547
2018/12/17 17:36:00,PST,12.422727272727276
2018/12/17 18:20:00,PST,11.022
2018/12/17 19:04:00,PST,12.108863636363635
2018/12/17 19:48:00,PST,11.305555555555557
2018/12/17 20:32:00,PST,11.876818181818182
2018/12/17 21:16:00,PST,11.147045454545456
2018/12/17 22:00:00,PST,10.909772727272728
2018/12/17 22:44:00,PST,10.937727272727274
2018/12/17 23:28:00,PST,12.001363636363637
2018/12/18 00:12:00,PST,11.431363636363635
2018/12/18 00:56:00,PST,11.44181818181818
2018/12/18 01:40:00,PST,11.276590909090912
2018/12/18 02:24:00,PST,11.238409090909089
2018/12/18 03:08:00,PST,12.294318181818182
2018/12/18 03:52:00,PST,16.424318181818187
2018/12/18 04:36:00,PST,12.418636363636363
2018/12/18 05:20:00,PST,12.661136363636365
2018/12/18 06:04:00,PST,12.17690476190476
2018/12/18 06:48:00,PST,12.528863636363637
2018/12/18 07:32:00,PST,16.911860465116277
2018/12/18 08:16:00,PST,12.44727272727273
2018/12/18 09:00:00,PST,12.09088888888889
2018/12/18 09:44:00,PST,11.735681818181819
2018/12/18 10:28:00,PST,11.44272727272727
2018/12/18 11:12:00,PST,12.46477272727273
2018/12/18 11:56:00,PST,11.490227272727275
2018/12/18 12:40:00,PST,11.822045454545457
2018/12/18 13:24:00,PST,10.92227272727273
2018/12/18 14:08:00,PST,11.915454545454548
2018/12/18 14:52:00,PST,12.057500000000003
2018/12/18 15:36:00,PST,11.79159090909091
2018/12/18 16:20:00,PST,13.474090909090904
2018/12/18 17:04:00,PST,10.97409090909091
2018/12/18 17:48:00,PST,12.744772727272732
2018/12/18 18:32:00,PST,12.091818181818184
2018/12/18 19:16:00,PST,11.948181818181821
2018/12/18 20:00:00,PST,10.241363636363637
2018/12/18 20:44:00,PST,11.80409090909091
2018/12/18 21:28:00,PST,11.843636363636366
2018/12/18 22:12:00,PST,11.848636363636361
2018/12/18 22:56:00,PST,12.693636363636365
2018/12/18 23:40:00,PST,11.756136363636363
2018/12/19 00:24:00,PST,11.92363636363636
2018/12/19 01:08:00,PST,12.383636363636363
2018/12/19 01:52:00,PST,13.190000000000003
2018/12/19 02:36:00,PST,12.247954545454542
2018/12/19 03:20:00,PST,12.006590909090908
2018/12/19 04:04:00,PST,11.303409090909094
2018/12/19 04:48:00,PST,11.884999999999998
2018/12/19 05:32:00,PST,11.269545454545455
2018/12/19 06:16:00,PST,11.657499999999999
2018/12/19 07:00:00,PST,12.520681818181817
2018/12/19 07:44:00,PST,12.12431818181818
2018/12/19 08:28:00,PST,11.598636363636361
2018/12/19 09:12:00,PST,10.97818181818182
2018/12/19 09:56:00,PST,12.104318181818183
2018/12/19 10:40:00,PST,11.963181818181818
2018/12/19 11:24:00,PST,12.069090909090908
2018/12/19 12:08:00,PST,11.509772727272727
2018/12/19 12:52:00,PST,11.506818181818183
2018/12/19 13:36:00,PST,11.12840909090909
2018/12/19 14:20:00,PST,12.240227272727275
2018/12/19 15:04:00,PST,10.225909090909092
2018/12/19 15:48:00,PST,11.349090909090913
2018/12/19 16:32:00,PST,12.873636363636363
2018/12/19 17:16:00,PST,11.689999999999998
2018/12/19 18:00:00,PST,11.60772727272727
2018/12/19 18:44:00,PST,10.95068181818182
2018/12/19 19:28:00,PST,11.733636363636363
2018/12/19 20:12:00,PST,11.561818181818182
2018/12/19 20:56:00,PST,11.841590909090911
2018/12/19 21:40:00,PST,11.59772727272727
2018/12/19 22:24:00,PST,11.382045454545455
2018/12/19 23:08:00,PST,11.70909090909091
2018/12/19 23:52:00,PST,12.355681818181818
2018/12/20 00:36:00,PST,13.055681818181817
2018/12/20 01:20:00,PST,13.327499999999997
2018/12/20 02:04:00,PST,13.920222222222222
2018/12/20 02:48:00,PST,14.058666666666669
2018/12/20 03:32:00,PST,13.45
2018/12/20 04:16:00,PST,13.414090909090909
2018/12/20 05:00:00,PST,13.992045454545456
2018/12/20 05:44:00,PST,12.732444444444445
2018/12/20 06:28:00,PST,12.197954545454547
2018/12/20 07:12:00,PST,11.821363636363635
2018/12/20 07:56:00,PST,11.423863636363636
2018/12/20 08:40:00,PST,12.505454545454546
2018/12/20 09:24:00,PST,11.717500000000003
2018/12/20 10:08:00,PST,11.739999999999998
2018/12/20 10:52:00,PST,10.98431818181818
2018/12/20 11:36:00,PST,12.044772727272727
2018/12/20 12:20:00,PST,11.560454545454546
2018/12/20 13:04:00,PST,11.00159090909091
2018/12/20 13:48:00,PST,11.385454545454543
2018/12/20 14:32:00,PST,11.123409090909089
2018/12/20 15:16:00,PST,11.038181818181819
2018/12/20 16:00:00,PST,10.22272727272727
2018/12/20 16:44:00,PST,10.47181818181818
2018/12/20 17:28:00,PST,11.274318181818181
2018/12/20 18:12:00,PST,11.386363636363638
2018/12/20 18:56:00,PST,11.856363636363637
2018/12/20 19:40:00,PST,11.70863636363636
2018/12/20 20:24:00,PST,10.690909090909091
2018/12/20 21:08:00,PST,10.845681818181818
2018/12/20 21:52:00,PST,10.571590909090911
2018/12/20 22:36:00,PST,10.61795454545454
2018/12/20 23:20:00,PST,11.395909090909091
2018/12/21 00:04:00,PST,10.687555555555555
2018/12/21 00:48:00,PST,11.598181818181821
2018/12/21 01:32:00,PST,12.003863636363638
2018/12/21 02:16:00,PST,12.812727272727273
2018/12/21 03:00:00,PST,12.03090909090909
2018/12/21 03:44:00,PST,11.786363636363637
2018/12/21 04:28:00,PST,12.132727272727273
2018/12/21 05:12:00,PST,11.506363636363638
2018/12/21 05:56:00,PST,11.803409090909094
2018/12/21 06:40:00,PST,11.576136363636365
2018/12/21 07:24:00,PST,12.707272727272722
2018/12/21 08:08:00,PST,12.397500000000003
2018/12/21 08:52:00,PST,12.02681818181818
2018/12/21 09:36:00,PST,11.364090909090914
2018/12/21 10:20:00,PST,11.660454545454549
2018/12/21 11:04:00,PST,11.987727272727271
2018/12/21 11:48:00,PST,11.023409090909093
2018/12/21 12:32:00,PST,12.397500000000003
2018/12/21 13:16:00,PST,11.250681818181816
2018/12/21 14:00:00,PST,11.037727272727272
2018/12/21 14:44:00,PST,11.26090909090909
2018/12/21 15:28:00,PST,11.229545454545457
2018/12/21 16:12:00,PST,11.415454545454546
2018/12/21 16:56:00,PST,12.060227272727277
2018/12/21 17:40:00,PST,11.080454545454545
2018/12/21 18:24:00,PST,11.686363636363637
2018/12/21 19:08:00,PST,12.403636363636364
2018/12/21 19:52:00,PST,12.352954545454544
2018/12/21 20:36:00,PST,11.386590909090911
2018/12/21 21:20:00,PST,10.594545454545452
2018/12/21 22:04:00,PST,11.246590909090909
2018/12/21 22:48:00,PST,10.911363636363637
2018/12/21 23:32:00,PST,11.803863636363639
2018/12/22 00:16:00,PST,11.587954545454545
2018/12/22 01:00:00,PST,11.420909090909094
2018/12/22 01:44:00,PST,11.602727272727272
2018/12/22 02:28:00,PST,11.702045454545452
2018/12/22 03:12:00,PST,11.33222222222222
2018/12/22 03:56:00,PST,11.44363636363636
2018/12/22 04:40:00,PST,11.243409090909093
2018/12/22 05:24:00,PST,11.399318181818181
2018/12/22 06:08:00,PST,12.428666666666668
2018/12/22 06:52:00,PST,11.275
2018/12/22 07:36:00,PST,11.164772727272725
2018/12/22 08:20:00,PST,12.314545454545451
2018/12/22 09:04:00,PST,11.982045454545455
2018/12/22 09:48:00,PST,11.714090909090908
2018/12/22 10:32:00,PST,11.257111111111113
2018/12/22 11:16:00,PST,11.514545454545454
2018/12/22 12:00:00,PST,11.013181818181817
2018/12/22 12:44:00,PST,11.369545454545454
2018/12/22 13:28:00,PST,11.766888888888886
2018/12/22 14:12:00,PST,11.482272727272731
2018/12/22 14:56:00,PST,12.06227272727273
2018/12/22 15:40:00,PST,11.610454545454544
2018/12/22 16:24:00,PST,11.524000000000003
2018/12/22 17:08:00,PST,11.882954545454544
2018/12/22 17:52:00,PST,11.189545454545451
2018/12/22 18:36:00,PST,11.92
2018/12/22 19:20:00,PST,11.570888888888888
2018/12/22 20:04:00,PST,11.419090909090912
2018/12/22 20:48:00,PST,11.324772727272729
2018/12/22 21:32:00,PST,11.362272727272726
2018/12/22 22:16:00,PST,11.51431818181818
2018/12/22 23:00:00,PST,11.513999999999998
2018/12/22 23:44:00,PST,11.655909090909093
2018/12/23 00:28:00,PST,11.76159090909091
2018/12/23 01:12:00,PST,11.888181818181817
2018/12/23 01:56:00,PST,11.745454545454544
2018/12/23 02:40:00,PST,11.568181818181815
2018/12/23 03:24:00,PST,10.971363636363636
2018/12/23 04:08:00,PST,11.557272727272725
2018/12/23 04:52:00,PST,11.682954545454542
2018/12/23 05:36:00,PST,10.95590909090909
2018/12/23 06:20:00,PST,10.26933333333333
2018/12/23 07:04:00,PST,12.040681818181817
2018/12/23 07:48:00,PST,12.15711111111111
2018/12/23 08:32:00,PST,10.775454545454549
2018/12/23 09:16:00,PST,11.92681818181818
2018/12/23 10:00:00,PST,11.891136363636365
2018/12/23 10:44:00,PST,11.354888888888892
2018/12/23 11:28:00,PST,12.347954545454543
2018/12/23 12:12:00,PST,11.133636363636363
2018/12/23 12:56:00,PST,11.99431818181818
2018/12/23 13:40:00,PST,10.982954545454543
2018/12/23 14:24:00,PST,11.714318181818184
2018/12/23 15:08:00,PST,11.405909090909091
2018/12/23 15:52:00,PST,11.493863636363637
2018/12/23 16:36:00,PST,11.086222222222222
2018/12/23 17:20:00,PST,10.77909090909091
2018/12/23 18:04:00,PST,11.733181818181821
2018/12/23 18:48:00,PST,11.358636363636363
2018/12/23 19:32:00,PST,11.003636363636362
2018/12/23 20:16:00,PST,10.857272727272726
2018/12/23 21:00:00,PST,11.284772727272728
2018/12/23 21:44:00,PST,11.209772727272725
2018/12/23 22:28:00,PST,11.8075
2018/12/23 23:12:00,PST,10.815909090909093
2018/12/23 23:56:00,PST,12.015909090909092
2018/12/24 00:40:00,PST,11.598636363636365
2018/12/24 01:24:00,PST,11.45
2018/12/24 02:08:00,PST,11.916818181818183
2018/12/24 02:52:00,PST,11.804772727272729
2018/12/24 03:36:00,PST,12.02
2018/12/24 04:20:00,PST,11.382954545454545
2018/12/24 05:04:00,PST,11.45386363636364
2018/12/24 05:48:00,PST,11.28181818181818
2018/12/24 06:32:00,PST,11.586136363636363
2018/12/24 07:16:00,PST,11.516818181818183
2018/12/24 08:00:00,PST,12.161818181818184
2018/12/24 08:44:00,PST,11.62931818181818
2018/12/24 09:28:00,PST,12.4625
2018/12/24 10:12:00,PST,11.217272727272727
2018/12/24 10:56:00,PST,11.473863636363639
2018/12/24 11:40:00,PST,11.042045454545454
2018/12/24 12:24:00,PST,11.895227272727272
2018/12/24 13:08:00,PST,11.882045454545455
2018/12/24 13:52:00,PST,11.580227272727273
2018/12/24 14:36:00,PST,11.807499999999997
2018/12/24 15:20:00,PST,11.574545454545454
2018/12/24 16:04:00,PST,11.229772727272726
2018/12/24 16:48:00,PST,11.15159090909091
2018/12/24 17:32:00,PST,11.717045454545456
2018/12/24 18:16:00,PST,12.198863636363633
2018/12/24 19:00:00,PST,11.973636363636361
2018/12/24 19:44:00,PST,11.527727272727274
2018/12/24 20:28:00,PST,11.694545454545455
2018/12/24 21:12:00,PST,11.95409090909091
2018/12/24 21:56:00,PST,11.354318181818181
2018/12/24 22:40:00,PST,10.793863636363637
2018/12/24 23:24:00,PST,11.620909090909093
2018/12/25 00:08:00,PST,11.429772727272725
2018/12/25 00:52:00,PST,11.525777777777778
2018/12/25 01:36:00,PST,11.45227272727273
2018/12/25 02:20:00,PST,12.301136363636363
2018/12/25 03:04:00,PST,10.801136363636362
2018/12/25 03:48:00,PST,11.844888888888889
2018/12/25 04:32:00,PST,11.485454545454543
2018/12/25 05:16:00,PST,11.494772727272727
2018/12/25 06:00:00,PST,11.748636363636365
2018/12/25 06:44:00,PST,11.377500000000003
2018/12/25 07:28:00,PST,11.17545454545455
2018/12/25 08:12:00,PST,11.397499999999999
2018/12/25 08:56:00,PST,12.146000000000004
2018/12/25 09:40:00,PST,11.532045454545452
2018/12/25 10:24:00,PST,10.891818181818183
2018/12/25 11:08:00,PST,10.936818181818182
2018/12/25 11:52:00,PST,11.009999999999998
2018/12/25 12:36:00,PST,11.285909090909092
2018/12/25 13:20:00,PST,11.733555555555558
2018/12/25 14:04:00,PST,11.774318181818183
2018/12/25 14:48:00,PST,11.360909090909091
2018/12/25 15:32:00,PST,11.093181818181815
2018/12/25 16:16:00,PST,10.646136363636364
2018/12/25 17:00:00,PST,11.815454545454548
2018/12/25 17:44:00,PST,11.827111111111114
2018/12/25 18:28:00,PST,10.928181818181814
2018/12/25 19:12:00,PST,10.990909090909092
2018/12/25 19:56:00,PST,11.432727272727274
2018/12/25 20:40:00,PST,10.689545454545456
2018/12/25 21:24:00,PST,11.61818181818182
2018/12/25 22:08:00,PST,10.704000000000002
2018/12/25 22:52:00,PST,11.362954545454544
2018/12/25 23:36:00,PST,11.429545454545458
2018/12/26 00:20:00,PST,12.004772727272725
2018/12/26 01:04:00,PST,11.78181818181818
2018/12/26 01:48:00,PST,12.098409090909085
2018/12/26 02:32:00,PST,11.583863636363635
2018/12/26 03:16:00,PST,11.163409090909092
2018/12/26 04:00:00,PST,11.952045454545454
2018/12/26 04:44:00,PST,11.295000000000003
2018/12/26 05:28:00,PST,12.294318181818186
2018/12/26 06:12:00,PST,11.255909090909089
2018/12/26 06:56:00,PST,11.470909090909092
2018/12/26 07:40:00,PST,11.091136363636364
2018/12/26 08:24:00,PST,11.816818181818183
2018/12/26 09:08:00,PST,11.37090909090909
2018/12/26 09:52:00,PST,12.025454545454545
2018/12/26 10:36:00,PST,11.89409090909091
2018/12/26 11:20:00,PST,11.990909090909092
2018/12/26 12:04:00,PST,11.201818181818181
2018/12/26 12:48:00,PST,11.581590909090908
2018/12/26 13:32:00,PST,11.372045454545455
2018/12/26 14:16:00,PST,11.319772727272728
2018/12/26 15:00:00,PST,11.691818181818183
2018/12/26 15:44:00,PST,11.11477272727273
2018/12/26 16:28:00,PST,9.920227272727274
2018/12/26 17:12:00,PST,12.03431818181818
2018/12/26 17:56:00,PST,11.525
2018/12/26 18:40:00,PST,11.555
2018/12/26 19:24:00,PST,12.082954545454545
2018/12/26 20:08:00,PST,11.340227272727274
2018/12/26 20:52:00,PST,12.355777777777774
2018/12/26 21:36:00,PST,10.397727272727273
2018/12/26 22:20:00,PST,12.103863636363632
2018/12/26 23:04:00,PST,10.948181818181816
2018/12/26 23:48:00,PST,11.43909090909091
2018/12/27 00:32:00,PST,11.392045454545453
2018/12/27 01:16:00,PST,11.699318181818182
2018/12/27 02:00:00,PST,12.359772727272725
2018/12/27 02:44:00,PST,11.93818181818182
2018/12/27 03:28:00,PST,17.080681818181827
2018/12/27 04:12:00,PST,11.609545454545453
2018/12/27 04:56:00,PST,12.851590909090904
2018/12/27 05:40:00,PST,11.997954545454546
2018/12/27 06:24:00,PST,11.70090909090909
2018/12/27 07:08:00,PST,12.28340909090909
2018/12/27 07:52:00,PST,12.298181818181819
2018/12/27 08:36:00,PST,11.652045454545451
2018/12/27 09:20:00,PST,11.883863636363635
2018/12/27 10:04:00,PST,12.202499999999999
2018/12/27 10:48:00,PST,11.703409090909089
2018/12/27 11:32:00,PST,11.677045454545459
2018/12/27 12:16:00,PST,11.817272727272725
2018/12/27 13:00:00,PST,12.055227272727272
2018/12/27 13:44:00,PST,11.850681818181817
2018/12/27 14:28:00,PST,11.328181818181823
2018/12/27 15:12:00,PST,11.000454545454543
2018/12/27 15:56:00,PST,12.320227272727271
2018/12/27 16:40:00,PST,12.37363636363636
2018/12/27 17:24:00,PST,12.286818181818182
2018/12/27 18:08:00,PST,11.720909090909089
2018/12/27 18:52:00,PST,11.16068181818182
2018/12/27 19:36:00,PST,11.86477272727273
2018/12/27 20:20:00,PST,12.067272727272728
2018/12/27 21:04:00,PST,11.726363636363635
2018/12/27 21:48:00,PST,12.671363636363635
2018/12/27 22:32:00,PST,11.654545454545454
2018/12/27 23:16:00,PST,11.520227272727272
2018/12/28 00:00:00,PST,13.039318181818182
2018/12/28 00:44:00,PST,12.180227272727272
2018/12/28 01:28:00,PST,11.740909090909092
2018/12/28 02:12:00,PST,12.254545454545452
2018/12/28 02:56:00,PST,12.218863636363636
2018/12/28 03:40:00,PST,11.74568181818182
2018/12/28 04:24:00,PST,11.826590909090909
2018/12/28 05:08:00,PST,12.205
2018/12/28 05:52:00,PST,11.558863636363638
2018/12/28 06:36:00,PST,12.221590909090912
2018/12/28 07:20:00,PST,11.987045454545456
2018/12/28 08:04:00,PST,11.918636363636365
2018/12/28 08:48:00,PST,12.493863636363635
2018/12/28 09:32:00,PST,12.170681818181816
2018/12/28 10:16:00,PST,11.217499999999998
2018/12/28 11:00:00,PST,12.896590909090907
2018/12/28 11:44:00,PST,11.75068181818182
2018/12/28 12:28:00,PST,11.927272727272726
2018/12/28 13:12:00,PST,11.643636363636364
2018/12/28 13:56:00,PST,11.25431818181818
2018/12/28 14:40:00,PST,11.131363636363638
2018/12/28 15:24:00,PST,11.03909090909091
2018/12/28 16:08:00,PST,11.50795454545455
2018/12/28 16:52:00,PST,11.678863636363634
2018/12/28 17:36:00,PST,11.16022727272727
2018/12/28 18:20:00,PST,11.272954545454546
2018/12/28 19:04:00,PST,12.18136363636364
2018/12/28 19:48:00,PST,11.778863636363631
2018/12/28 20:32:00,PST,12.01022727272727
2018/12/28 21:16:00,PST,11.446818181818182
2018/12/28 22:00:00,PST,12.098636363636361
2018/12/28 22:44:00,PST,11.657045454545452
2018/12/28 23:28:00,PST,12.427954545454543
2018/12/29 00:12:00,PST,11.879090909090907
2018/12/29 00:56:00,PST,11.647954545454546
2018/12/29 01:40:00,PST,12.05090909090909
2018/12/29 02:24:00,PST,11.43954545454546
2018/12/29 03:08:00,PST,11.162045454545451
2018/12/29 03:52:00,PST,12.172499999999998
2018/12/29 04:36:00,PST,12.164318181818182
2018/12/29 05:20:00,PST,11.480454545454545
2018/12/29 06:04:00,PST,11.37909090909091
2018/12/29 06:48:00,PST,11.406818181818181
2018/12/29 07:32:00,PST,12.67204545454545
2018/12/29 08:16:00,PST,12.18090909090909
2018/12/29 09:00:00,PST,11.658181818181818
2018/12/29 09:44:00,PST,10.884999999999998
2018/12/29 10:28:00,PST,11.677272727272731
2018/12/29 11:12:00,PST,11.427272727272724
2018/12/29 11:56:00,PST,11.453863636363636
2018/12/29 12:40:00,PST,11.840681818181816
2018/12/29 13:24:00,PST,11.684318181818183
2018/12/29 14:08:00,PST,10.880227272727275
2018/12/29 14:52:00,PST,10.4725
2018/12/29 15:36:00,PST,11.926136363636367
2018/12/29 16:20:00,PST,11.363863636363636
2018/12/29 17:04:00,PST,12.388863636363634
2018/12/29 17:48:00,PST,11.929090909090906
2018/12/29 18:32:00,PST,11.576590909090909
2018/12/29 19:16:00,PST,12.276363636363639
2018/12/29 20:00:00,PST,11.59772727272727
2018/12/29 20:44:00,PST,11.742045454545455
2018/12/29 21:28:00,PST,11.517727272727274
2018/12/29 22:12:00,PST,11.402500000000002
2018/12/29 22:56:00,PST,11.677045454545453
2018/12/29 23:40:00,PST,12.009318181818179
2018/12/30 00:24:00,PST,11.733863636363639
2018/12/30 01:08:00,PST,11.375555555555557
2018/12/30 01:52:00,PST,11.240227272727275
2018/12/30 02:36:00,PST,12.118666666666668
2018/12/30 03:20:00,PST,11.157727272727275
2018/12/30 04:04:00,PST,10.918636363636365
2018/12/30 04:48:00,PST,11.309999999999997
2018/12/30 05:32:00,PST,11.336444444444446
2018/12/30 06:16:00,PST,11.564318181818182
2018/12/30 07:00:00,PST,11.824545454545454
2018/12/30 07:44:00,PST,10.83090909090909
2018/12/30 08:28:00,PST,11.421111111111113
2018/12/30 09:12:00,PST,12.143409090909092
2018/12/30 09:56:00,PST,13.082954545454545
2018/12/30 10:40:00,PST,12.141590909090906
2018/12/30 11:24:00,PST,11.2275
2018/12/30 12:08:00,PST,11.65318181818182
2018/12/30 12:52:00,PST,11.636818181818182
2018/12/30 13:36:00,PST,13.1325
2018/12/30 14:20:00,PST,12.314666666666666
2018/12/30 15:04:00,PST,11.327045454545454
2018/12/30 15:48:00,PST,10.928636363636365
2018/12/30 16:32:00,PST,11.695454545454545
2018/12/30 17:16:00,PST,12.09113636363636
2018/12/30 18:00:00,PST,11.796136363636363
2018/12/30 18:44:00,PST,12.381363636363632
2018/12/30 19:28:00,PST,12.133863636363639
2018/12/30 20:12:00,PST,11.79181818181818
2018/12/30 20:56:00,PST,12.139545454545457
2018/12/30 21:40:00,PST,11.407954545454547
2018/12/30 22:24:00,PST,12.711818181818183
2018/12/30 23:08:00,PST,10.78
2018/12/30 23:52:00,PST,11.313863636363637
2018/12/31 00:36:00,PST,12.545454545454545
2018/12/31 01:20:00,PST,10.934545454545454
2018/12/31 02:04:00,PST,10.940454545454546
2018/12/31 02:48:00,PST,11.643863636363637
2018/12/31 03:32:00,PST,11.740454545454543
2018/12/31 04:16:00,PST,11.686363636363637
2018/12/31 05:00:00,PST,11.9075
2018/12/31 05:44:00,PST,12.392954545454547
2018/12/31 06:28:00,PST,11.699772727272729
2018/12/31 07:12:00,PST,11.441363636363631
2018/12/31 07:56:00,PST,11.573863636363637
2018/12/31 08:40:00,PST,11.649999999999999
2018/12/31 09:24:00,PST,12.05181818181818
2018/12/31 10:08:00,PST,11.556818181818182
2018/12/31 10:52:00,PST,11.331136363636364
2018/12/31 11:36:00,PST,11.318863636363638
2018/12/31 12:20:00,PST,11.457045454545453
2018/12/31 13:04:00,PST,11.680000000000001
2018/12/31 13:48:00,PST,10.579772727272728
2018/12/31 14:32:00,PST,11.984318181818184
2018/12/31 15:16:00,PST,11.492954545454547
2018/12/31 16:00:00,PST,11.16022727272727
2018/12/31 16:44:00,PST,11.522727272727273
2018/12/31 17:28:00,PST,11.641136363636365
2018/12/31 18:12:00,PST,10.572954545454548
2018/12/31 18:56:00,PST,11.907954545454546
2018/12/31 19:40:00,PST,12.009999999999996
2018/12/31 20:24:00,PST,12.105
2018/12/31 21:08:00,PST,12.87409090909091
2018/12/31 21:52:00,PST,11.008181818181818
2018/12/31 22:36:00,PST,12.134318181818175
2018/12/31 23:20:00,PST,11.517954545454545
2019/01/01 00:04:00,PST,11.570454545454544
2019/01/01 00:48:00,PST,11.43931818181818
2019/01/01 01:32:00,PST,11.641818181818183
2019/01/01 02:16:00,PST,12.067954545454546
2019/01/01 03:00:00,PST,11.58931818181818
2019/01/01 03:44:00,PST,12.60181818181818
2019/01/01 04:28:00,PST,11.163181818181817
2019/01/01 05:12:00,PST,12.012045454545456
2019/01/01 05:56:00,PST,11.313636363636363
2019/01/01 06:40:00,PST,11.45681818181818
2019/01/01 07:24:00,PST,12.155454545454546
2019/01/01 08:08:00,PST,12.032954545454546
2019/01/01 08:52:00,PST,11.852954545454548
2019/01/01 09:36:00,PST,11.872045454545452
2019/01/01 10:20:00,PST,11.70227272727273
2019/01/01 11:04:00,PST,11.685909090909092
2019/01/01 11:48:00,PST,11.710909090909091
2019/01/01 12:32:00,PST,11.213863636363635
2019/01/01 13:16:00,PST,11.020000000000003
2019/01/01 14:00:00,PST,11.547500000000001
2019/01/01 14:44:00,PST,11.697954545454547
2019/01/01 15:28:00,PST,11.081136363636366
2019/01/01 16:12:00,PST,11.719318181818181
2019/01/01 16:56:00,PST,12.60840909090909
2019/01/01 17:40:00,PST,11.654318181818182
2019/01/01 18:24:00,PST,12.479090909090907
2019/01/01 19:08:00,PST,11.404318181818178
2019/01/01 19:52:00,PST,11.040681818181817
2019/01/01 20:36:00,PST,11.560227272727273
2019/01/01 21:20:00,PST,11.52727272727273
2019/01/01 22:04:00,PST,11.849772727272727
2019/01/01 22:48:00,PST,11.44681818181818
2019/01/01 23:32:00,PST,11.173636363636364
2019/01/02 00:16:00,PST,11.648863636363638
2019/01/02 01:00:00,PST,11.500227272727274
2019/01/02 01:44:00,PST,11.574318181818178
2019/01/02 02:28:00,PST,11.327499999999999
2019/01/02 03:12:00,PST,11.883863636363635
2019/01/02 03:56:00,PST,11.020227272727272
2019/01/02 04:40:00,PST,11.869772727272725
2019/01/02 05:24:00,PST,11.904318181818184
2019/01/02 06:08:00,PST,12.238181818181816
2019/01/02 06:52:00,PST,11.567954545454546
2019/01/02 07:36:00,PST,12.176136363636363
2019/01/02 08:20:00,PST,12.482954545454545
2019/01/02 09:04:00,PST,11.551590909090908
2019/01/02 09:48:00,PST,12.606363636363632
2019/01/02 10:32:00,PST,11.643636363636364
2019/01/02 11:16:00,PST,11.286818181818182
2019/01/02 12:00:00,PST,11.824318181818178
2019/01/02 12:44:00,PST,11.164318181818182
2019/01/02 13:28:00,PST,12.082666666666666
2019/01/02 14:12:00,PST,11.861363636363636
2019/01/02 14:56:00,PST,11.729318181818183
2019/01/02 15:40:00,PST,11.83288888888889
2019/01/02 16:24:00,PST,11.626363636363635
2019/01/02 17:08:00,PST,11.357954545454547
2019/01/02 17:52:00,PST,11.674090909090909
2019/01/02 18:36:00,PST,12.031136363636362
2019/01/02 19:20:00,PST,10.952954545454546
2019/01/02 20:04:00,PST,12.075454545454544
2019/01/02 20:48:00,PST,11.522272727272728
2019/01/02 21:32:00,PST,11.45590909090909
2019/01/02 22:16:00,PST,12.495227272727272
2019/01/02 23:00:00,PST,11.803333333333338
2019/01/02 23:44:00,PST,11.803333333333338
